type,n,mse,rmse,mae,r2
calibrated,5,29.293363902625835,5.412334422652192,4.782464122772216,0.24965768692044477
