index,prediction
0,-10.471337
1,-9.255565
2,-2.091165
3,-1.0939023
4,-0.97302306
5,10.66324
6,-4.13865
7,19.638462
8,-6.5956545
9,13.457311
10,6.7811365
11,-4.8009505
12,21.491455
13,22.365513
14,22.227606
15,23.285742
16,23.864727
17,24.824343
18,25.235708
19,25.67625
