index,prediction
0,-21.020367
1,-28.022556
2,-34.507732
3,-13.205882
4,-12.452764
5,-3.9439368
6,12.819361
7,-3.4505763
8,14.616702
9,22.541752
10,19.23
11,28.09173
12,26.588428
13,24.666561
14,26.838022
15,16.910576
16,21.78476
17,25.087412
18,26.496878
19,28.329762
